col_id,emp_id,emp_type,cost,schedule_pattern,in_final_mip,is_selected,usage_int,usage_rmp
0,0,TypeA,0,000000000000000000000000000000000000000000000000000000000000000000000000000000000000000000000000000000000000000000000000000000000000000000000000000000000000000000000000,0,0,0,0
1,0,TypeA,8000,000000000011111111000000000000000000000000000000000000000000000000000000000000000000000000000000000000000000000000000000000000000000000000000000000000000000000000000000,0,0,0,1
2,1,TypeB,0,000000000000000000000000000000000000000000000000000000000000000000000000000000000000000000000000000000000000000000000000000000000000000000000000000000000000000000000000,0,0,0,0
3,1,TypeB,4000,000000000011110000000000000000000000000000000000000000000000000000000000000000000000000000000000000000000000000000000000000000000000000000000000000000000000000000000000,0,0,0,2
4,2,TypeB,0,000000000000000000000000000000000000000000000000000000000000000000000000000000000000000000000000000000000000000000000000000000000000000000000000000000000000000000000000,0,0,0,0
5,2,TypeB,4000,000000000011110000000000000000000000000000000000000000000000000000000000000000000000000000000000000000000000000000000000000000000000000000000000000000000000000000000000,0,0,0,1
6,3,TypeC,0,000000000000000000000000000000000000000000000000000000000000000000000000000000000000000000000000000000000000000000000000000000000000000000000000000000000000000000000000,0,0,0,1
7,3,TypeC,3900,000000000011100000000000000000000000000000000000000000000000000000000000000000000000000000000000000000000000000000000000000000000000000000000000000000000000000000000000,0,0,0,0
8,4,TypeC,0,000000000000000000000000000000000000000000000000000000000000000000000000000000000000000000000000000000000000000000000000000000000000000000000000000000000000000000000000,0,0,0,1
9,4,TypeC,3900,000000000011100000000000000000000000000000000000000000000000000000000000000000000000000000000000000000000000000000000000000000000000000000000000000000000000000000000000,0,0,0,0
10,0,TypeA,49000,000000000000000000000000000000001111111110000000000000000111111111000000000000001111111110000000000001111111110000000000000001111111111000000000000000000000000000000000,0,0,0,13
11,1,TypeB,38100,000000000000000000000000000000000011111110000000000000000011111111000000000000001111111000000000000000011111110000000000000000001111111000000000000000000000000000000000,0,0,0,4
12,2,TypeB,38100,000000000000000000000000000000000011111110000000000000000011111111000000000000001111111000000000000000011111110000000000000000001111111000000000000000000000000000000000,0,0,0,14
13,3,TypeC,36600,000000000000000000000000000000000000000000000000000000000000111111000000000000001111110000000000000000011111100000000000000001111110000000000000000000000111111000000000,0,0,0,18
14,4,TypeC,36600,000000000000000000000000000000000000000000000000000000000000111111000000000000001111110000000000000000011111100000000000000001111110000000000000000000000111111000000000,0,0,0,12
15,0,TypeA,51700,000000011111111110000000000000000000000011111111110000000000000011111111000000000000000000000000000000000000000000000000000000000000111111110000000000000000011111111110,0,0,0,6
16,1,TypeB,32600,000000000001111110000000000000000000001111110000000000000000000000011111000000000000000000000000000000000000000000000000000000000000000000000000001111111100000000011110,0,0,0,11
17,2,TypeB,32600,000000000001111110000000000000000000001111110000000000000000000000011111000000000000000000000000000000000000000000000000000000000000000000000000001111111100000000011110,0,0,0,8
18,3,TypeC,28000,000000000001111110000000000000000000001111110000000000000000000000011111000000000000000000000000000000000000000000000000000000000000000011110000000000000000000000011110,1,0,0,19
19,4,TypeC,28000,000000000001111110000000000000000000001111110000000000000000000000011111000000000000000000000000000000000000000000000000000000000000000011110000000000000000000000011110,1,0,0,13
20,0,TypeA,52700,001111111100000000000111111110000000000000000000011111111110000000000000000000000000011111111110000000000000000000000000000000000000000000000000000000011111111000000000,0,0,0,0
21,1,TypeB,30100,000111111000000000011111100000000000000000000000000000111110000000000000000000000000011110000000000000000000000000000000000000000000000000000000000000011111110000000000,0,0,0,5
22,2,TypeB,30100,000111111000000000011111100000000000000000000000000000111110000000000000000000000000011110000000000000000000000000000000000000000000000000000000000000011111110000000000,0,0,0,1
23,3,TypeC,26700,000111111000000000011111100000000000000000000000000000111110000000000000000000000000011110000000000000000000000000000000000000000000000000000000000000000000111000000000,1,0,0,27
24,4,TypeC,26700,000111111000000000011111100000000000000000000000000000111110000000000000000000000000011110000000000000000000000000000000000000000000000000000000000000000000111000000000,1,0,0,29
25,0,TypeA,47500,000000001111111110000000000000000000000000000000111111111100000000000000000000111111110000000000000000000000000000000000000000000011111111000000000000011111111000000000,0,0,0,8
26,1,TypeB,32100,000000000001111110000000000111111000000000000000111111100000000000000000000000111100000000000000000000000000000000000000000000000011111110000000000000000000000000000000,0,0,0,8
27,2,TypeB,32100,000000000001111110000000000111111000000000000000111111100000000000000000000000111100000000000000000000000000000000000000000000000011111110000000000000000000000000000000,0,0,0,8
28,3,TypeC,24300,000000000001111110000000000000000000000000000000111000000000000000000000000000111000000000000000000000000000000000000011110000000000111110000000000000000000000000000000,0,0,0,25
29,4,TypeC,24300,000000000001111110000000000000000000000000000000111000000000000000000000000000111000000000000000000000000000000000000011110000000000111110000000000000000000000000000000,0,0,0,15
30,0,TypeA,45600,000000000000000000000000000111111110000000000000000000111111111100000000000000000000000000000000000000000001111111100000000000000000111111110000000000011111111000000000,0,0,0,1
31,1,TypeB,36600,000000000000000000000000000111111110000000000000000000000111111100000000000000000000000000000000000000000001111110000000000000000000000011110000000000011111111000000000,0,0,0,9
32,2,TypeB,36600,000000000000000000000000000111111110000000000000000000000111111100000000000000000000000000000000000000000001111110000000000000000000000011110000000000011111111000000000,0,0,0,3
33,3,TypeC,27400,000000001111110000000000000000000000000000000000000000000000011100000000000000000000000000000000000000000001111110000000000000000000000011110000000000000000011100000000,0,0,0,2
34,4,TypeC,27400,000000001111110000000000000000000000000000000000000000000000011100000000000000000000000000000000000000000001111110000000000000000000000011110000000000000000011100000000,0,0,0,4
35,0,TypeA,44900,000000001111111100000000000000001111111110000000000000000000000000000000000000000011111111000000000001111111100000000000000000000000000000000000001111111100000000000000,0,0,0,1
36,1,TypeB,28800,000000000000000000000000111100000000001111000000000000000000000000000000000000000011111110000000000001111110000000000000000000000000000000000000001111110000000000000000,0,0,0,3
37,2,TypeB,28800,000000000000000000000000111100000000001111000000000000000000000000000000000000000011111110000000000001111110000000000000000000000000000000000000001111110000000000000000,0,0,0,0
38,3,TypeC,27000,000000000000000000000000000000000000001110000000000000000000000000000000000000000000111110000000000001111110000000000011110000000000000000000000001111110000000000000000,1,0,0,20
39,4,TypeC,27000,000000000000000000000000000000000000001110000000000000000000000000000000000000000000111110000000000001111110000000000011110000000000000000000000001111110000000000000000,1,0,0,15
40,0,TypeA,52500,000000000000111111111100000000000000000000000000000000111111111100000000000000000000000000000000000001111111100000000000000000000011111111110000000000000000011111111110,0,0,0,7
41,1,TypeB,42800,000000000000111111110000000000000000000000000000000000000000011111110000000000000000000000000000000001111111000000000000000000000000111111110000000000011111111000000000,1,0,0,12
42,2,TypeB,42800,000000000000111111110000000000000000000000000000000000000000011111110000000000000000000000000000000001111111000000000000000000000000111111110000000000011111111000000000,1,0,0,20
43,3,TypeC,26900,000000000000111110000000000000000000000000000000000000000000011100000000000000000000000000000000000001111110000000000000000000000000001111110000000000000000000000001110,0,0,0,2
44,4,TypeC,26900,000000000000111110000000000000000000000000000000000000000000011100000000000000000000000000000000000001111110000000000000000000000000001111110000000000000000000000001110,0,0,0,0
45,0,TypeA,53700,000000111111110000000000000000000000000000000000111111111100000000000000000000000000000000000000000000011111111110000000000000000011111111110000000000000000011111111110,1,0,0,14
46,1,TypeB,40400,000000111111110000000000000000000000000000000000111111100000000000000000000000000011111110000000000001111111100000000000000000000000111111110000000000000000000000000000,1,0,0,27
47,2,TypeB,40400,000000111111110000000000000000000000000000000000111111100000000000000000000000000011111110000000000001111111100000000000000000000000111111110000000000000000000000000000,1,0,0,37
48,3,TypeC,32700,000111111000000000000000000000001111110000000000000000000000000000000000000000000000000000000000000000011111100000000000011111100000000000000000001111110000000000000000,0,0,0,15
49,4,TypeC,32700,000111111000000000000000000000001111110000000000000000000000000000000000000000000000000000000000000000011111100000000000011111100000000000000000001111110000000000000000,0,0,0,7
50,0,TypeA,50100,000000001111111110000000000000001111111110000000000000111111111100000000000000111111110000000000000000000000000000000011111111100000000000000000000000000000000000000000,0,0,0,12
51,1,TypeB,34800,000000000000000000000111111100000000000011110000000000000011111100000000000000111111110000000000000000000000000000000011111111000000000000000000000000000000000000000000,0,0,0,0
52,2,TypeB,34800,000000000000000000000111111100000000000011110000000000000011111100000000000000111111110000000000000000000000000000000011111111000000000000000000000000000000000000000000,0,0,0,2
53,3,TypeC,28900,000000000000011110000000000000000000000011110000000000000011111100000000000000111110000000000000000000000000000000000000011111100000000000000000000000000000000000000000,0,0,0,1
54,4,TypeC,28900,000000000000011110000000000000000000000011110000000000000011111100000000000000111110000000000000000000000000000000000000011111100000000000000000000000000000000000000000,0,0,0,6
55,0,TypeA,48500,000000000000000000000000111111111000000000000000000000111111111100000000000000001111111110000000000000000000000000000000000000000011111111000000000000011111111000000000,0,0,0,2
56,1,TypeB,40500,000000000000000000000111111100000000011111110000000000000000000000000000000000000011111110000000000000000000000000000000000000000011111110000000000000011111111000000000,1,0,0,11
57,2,TypeB,40500,000000000000000000000111111100000000011111110000000000000000000000000000000000000011111110000000000000000000000000000000000000000011111110000000000000011111111000000000,1,0,0,16
58,3,TypeC,25200,000000000000000000000000000000000000000000000000000000000000000000000111000000000000001110000000000000000000000000000011110000000000111110000000000000000111111000000000,0,0,0,13
59,4,TypeC,25200,000000000000000000000000000000000000000000000000000000000000000000000111000000000000001110000000000000000000000000000011110000000000111110000000000000000111111000000000,0,0,0,2
60,0,TypeA,49400,000000001111111110000000000000000000000000000000000000111111111100000000000000001111111110000000000000011111111110000000000000001111111110000000000000000000000000000000,1,0,0,33
61,1,TypeB,39800,000000000000000000000111111100000000000000000000000000000000000000011111000000000000000000000000000000000011111110000000000000000111111110000000001111111100000000000000,0,0,0,9
62,2,TypeB,39800,000000000000000000000111111100000000000000000000000000000000000000011111000000000000000000000000000000000011111110000000000000000111111110000000001111111100000000000000,0,0,0,7
63,3,TypeC,26300,000000000000011110000000000000000000000000000000000000000000000000011111000000000000000000000000000000000000111110000000000000001110000000000000001111110000000000000000,0,0,0,6
64,4,TypeC,26300,000000000000011110000000000000000000000000000000000000000000000000011111000000000000000000000000000000000000111110000000000000001110000000000000001111110000000000000000,0,0,0,1
65,0,TypeA,51200,000000000000000000000000000000001111111110000000000000111111111100000000000000111111110000000000000000011111111110000000000000000000000000000000000011111111110000000000,0,0,0,7
66,1,TypeB,39100,000000000000000000000000000000001111111000000000000000000111111100000000000000111111110000000000000001111111100000000000000000000000000000000000000000011111110000000000,1,0,0,23
67,2,TypeB,39100,000000000000000000000000000000001111111000000000000000000111111100000000000000111111110000000000000001111111100000000000000000000000000000000000000000011111110000000000,1,0,0,20
68,3,TypeC,28700,000111111000000000000000000000000001111110000000000000111110000000000000000000111000000000000000000000000000000000000000000000000000000000000000000011111100000000000000,0,0,0,6
69,4,TypeC,28700,000111111000000000000000000000000001111110000000000000111110000000000000000000111000000000000000000000000000000000000000000000000000000000000000000011111100000000000000,0,0,0,4
70,0,TypeA,56100,000000000000000000000000000000000000000011111111110000000000011111111100000000000000011111111110000000000000000000000011111111100000000000000000000000000000011111111110,0,0,0,24
71,1,TypeB,34600,000000000000011111110000000000000000000000000000000000000111111110000000000000000000011110000000000000000000000000000000000000000000000000000000001111111100000000011110,0,0,0,7
72,2,TypeB,34600,000000000000011111110000000000000000000000000000000000000111111110000000000000000000011110000000000000000000000000000000000000000000000000000000001111111100000000011110,0,0,0,7
73,3,TypeC,27000,000000000000000000000000000000000000000000000000000000000000011110000000000000000000011110000000000000000000000000000000000001111110000000000000001111110000000000011110,0,0,0,11
74,4,TypeC,27000,000000000000000000000000000000000000000000000000000000000000011110000000000000000000011110000000000000000000000000000000000001111110000000000000001111110000000000011110,0,0,0,5
75,0,TypeA,48500,000000001111111100000000000000000000000000000000000000000000000111111111000000000000011111111110000000000000000000000000000000111111111000000000000000011111111000000000,0,0,0,0
76,1,TypeB,41200,000000001111111000000000000000000000000000000000000000000011111111000000000000111111110000000000000000000000000000000000000000111111100000000000000000011111110000000000,1,0,0,7
77,2,TypeB,41200,000000001111111000000000000000000000000000000000000000000011111111000000000000111111110000000000000000000000000000000000000000111111100000000000000000011111110000000000,1,0,0,6
78,3,TypeC,30800,000000001111110000000000000111111000000000000000000000000000000000000000000000111000000000000000000000000001111110000000000000000011111000000000000000000000000000000000,0,0,0,4
79,4,TypeC,30800,000000001111110000000000000111111000000000000000000000000000000000000000000000111000000000000000000000000001111110000000000000000011111000000000000000000000000000000000,0,0,0,4
80,0,TypeA,56100,000000000000011111111100000000000000000011111111110000000000000000000000000000000000000000000000000001111111110000000000011111111110000000000000000011111111110000000000,0,0,0,0
81,1,TypeB,39600,000000000000011111110000000000000000000000000000111111100000000000000000000000000000000000000000000001111111100000000011111111000000000000000000000000000111111000000000,0,0,0,9
82,2,TypeB,39600,000000000000011111110000000000000000000000000000111111100000000000000000000000000000000000000000000001111111100000000011111111000000000000000000000000000111111000000000,0,0,0,6
83,3,TypeC,34100,000000000000000011111100000000000000001111110000000000000000000000000000000000000000000000000000000000000000111110000000000001111110000000000000000000000111111000000000,0,0,0,2
84,4,TypeC,34100,000000000000000011111100000000000000001111110000000000000000000000000000000000000000000000000000000000000000111110000000000001111110000000000000000000000111111000000000,0,0,0,5
85,0,TypeA,49700,000000001111111110000000000000001111111110000000000000000111111111000000000000000000000000000000000000011111111110000000000000000000000000000000000011111111110000000000,1,0,0,14
86,1,TypeB,40500,000000000001111110000000000000000011111110000000000000000011111111000000000000000000000000000000000000000000000000000000000000000011111110000000000000000000111111110000,1,0,0,1
87,2,TypeB,40500,000000000001111110000000000000000011111110000000000000000011111111000000000000000000000000000000000000000000000000000000000000000011111110000000000000000000111111110000,1,0,0,0
88,3,TypeC,33400,000000000001111110000000000000000000001111110000000000000000011111000000000000000000000000000000000000000000000000000000000000000011111000000000001111110000000000000000,0,0,0,8
89,4,TypeC,33400,000000000001111110000000000000000000001111110000000000000000011111000000000000000000000000000000000000000000000000000000000000000011111000000000001111110000000000000000,0,0,0,7
90,0,TypeA,51500,000000001111111110000000000000001111111110000000000000000000000111111111000000000000000000000000000000000000000000000000000001111111111000000000000000000000011111111110,0,0,0,18
91,1,TypeB,41800,000000000001111110000000000111111110000000000000000000000000000001111111000000000000000000000000000000000000000000000000011111111000000000000000000000000000011111111000,1,0,0,1
92,2,TypeB,41800,000000000001111110000000000111111110000000000000000000000000000001111111000000000000000000000000000000000000000000000000011111111000000000000000000000000000011111111000,1,0,0,1
93,3,TypeC,31200,000000000001111110000000000000000000000000000000000000111110000000000000000000000000011110000000000000000000000000000000000001111110000000000000001111110000000000000000,1,0,0,31
94,4,TypeC,31200,000000000001111110000000000000000000000000000000000000111110000000000000000000000000011110000000000000000000000000000000000001111110000000000000001111110000000000000000,1,0,0,47
95,0,TypeA,55500,000000000000000000011111111100000000000000000000111111111100000000000000000000001111111110000000000000011111111110000000000000000000000000000000000000000000011111111110,1,0,0,13
96,1,TypeB,37000,000000000000011111110000000000000011111110000000000000111111110000000000000000111111110000000000000000000000000011111110000000000000000000000000000000000000000000000000,1,0,0,16
97,2,TypeB,37000,000000000000011111110000000000000011111110000000000000111111110000000000000000111111110000000000000000000000000011111110000000000000000000000000000000000000000000000000,1,0,0,19
98,3,TypeC,28100,000111111000000000000000111100000000000000000000000000000111110000000000000000111110000000000000000000000000000000000000000000000000000000000000001111110000000000000000,1,0,0,27
99,4,TypeC,28100,000111111000000000000000111100000000000000000000000000000111110000000000000000111110000000000000000000000000000000000000000000000000000000000000001111110000000000000000,1,0,0,12
100,0,TypeA,50600,000000001111111110000000000000000000000000000000000000000000000111111111000000000000000000000000000000011111111110000000000000000011111111100000000000000000011111111110,1,0,0,11
101,1,TypeB,41400,000000000000000000000000000111111110000000000000000000000011111111000000000000111111110000000000000000011111110000000000000000000000000000000000000000011111111000000000,0,0,0,6
102,2,TypeB,41400,000000000000000000000000000111111110000000000000000000000011111111000000000000111111110000000000000000011111110000000000000000000000000000000000000000011111111000000000,0,0,0,4
103,3,TypeC,30500,000111111000000000000000000000000000000000000000000000000011111100000000000000111000000000000000000000000000000000000000000000000000001111100000000000000111111000000000,0,0,0,8
104,4,TypeC,30500,000111111000000000000000000000000000000000000000000000000011111100000000000000111000000000000000000000000000000000000000000000000000001111100000000000000111111000000000,0,0,0,7
105,0,TypeA,54000,000000000000011111111100000000000000000011111111110000000000000111111111000000000000011111111110000000000000000000000000000000000011111111110000000000000000000000000000,0,0,0,22
106,1,TypeB,38400,000111111000000000000111111100000000000000000000000000000111111100000000000000111111110000000000000000000000000000000000000000000000000000000000001111111100000000000000,1,0,0,19
107,2,TypeB,38400,000111111000000000000111111100000000000000000000000000000111111100000000000000111111110000000000000000000000000000000000000000000000000000000000001111111100000000000000,1,0,0,20
108,3,TypeC,28800,000111111000000000000000000111111000000000000000000000000000000000011111000000000000000000000000000000000000000000000011110000000000000000000000000000000111111000000000,1,0,0,31
109,4,TypeC,28800,000111111000000000000000000111111000000000000000000000000000000000011111000000000000000000000000000000000000000000000011110000000000000000000000000000000111111000000000,1,0,0,27
110,0,TypeA,51600,000000000000000000000000000000001111111110000000000000000000000111111111000000000000000000000000000000011111111110000000000000000011111111110000000000000000111111111100,1,0,0,9
111,1,TypeB,40500,000000000000000000000000000000000000000000000000111111100000000001111111000000000000000000000000000000011111110000000000011111111000000000000000000000011111110000000000,1,0,0,17
112,2,TypeB,40500,000000000000000000000000000000000000000000000000111111100000000001111111000000000000000000000000000000011111110000000000011111111000000000000000000000011111110000000000,1,0,0,8
113,3,TypeC,31700,000000000000000000000000000000000001111110000000000000000000011111000000000000111000000000000000000000000001111110000000000000000000001111110000000000000000000000000000,0,0,0,5
114,4,TypeC,31700,000000000000000000000000000000000001111110000000000000000000011111000000000000111000000000000000000000000001111110000000000000000000001111110000000000000000000000000000,0,0,0,4
115,0,TypeA,51300,000000000000000000000000000000001111111110000000000000000000000000000000000000111111111000000000000000011111111110000000000000000011111111110000000000000000011111111110,1,0,0,37
116,1,TypeB,41500,000000000000000000000000000000000011111110000000000000111111110000000000000000001111111000000000000000000000000000000000000000000011111110000000001111111100000000000000,1,0,0,1
117,2,TypeB,41500,000000000000000000000000000000000011111110000000000000111111110000000000000000001111111000000000000000000000000000000000000000000011111110000000001111111100000000000000,1,0,0,0
118,3,TypeC,28500,000000001111110000000000000000000000000000000000000000000000011111000000000000111000000000000000000001111000000000000000000000000000000000000000000000000111111000000000,1,0,0,13
119,4,TypeC,28500,000000001111110000000000000000000000000000000000000000000000011111000000000000111000000000000000000001111000000000000000000000000000000000000000000000000111111000000000,1,0,0,13
120,0,TypeA,57800,000000000000000000000000000000000000000000000000111111111100000000000001111111111000000000000000000000011111111110000000000000000011111111110000000000000000011111111110,1,0,0,10
121,1,TypeB,36100,000000001111110000000000000000000000001111110000000000000111111110000000000000000000000000000000000000000011111110000000000000000011111110000000000000000000000000000000,0,0,0,2
122,2,TypeB,36100,000000001111110000000000000000000000001111110000000000000111111110000000000000000000000000000000000000000011111110000000000000000011111110000000000000000000000000000000,0,0,0,0
123,3,TypeC,30600,000000001111110000000000000000000000001111110000000000000000000000000000000000111000000000000000000000011111100000000000011111100000000000000000000000000000000000000000,1,0,0,11
124,4,TypeC,30600,000000001111110000000000000000000000001111110000000000000000000000000000000000111000000000000000000000011111100000000000011111100000000000000000000000000000000000000000,1,0,0,17
125,0,TypeA,52300,000000000000000000000000000000001111111110000000000000111111111100000000000000000000000000000000000000011111111110000000000000000011111111110000000000000000011111111110,1,0,0,59
126,1,TypeB,40500,000000000000011111110000000000000011111110000000000000000111111100000000000000000000000000000000000000000000000000000000000000000111111110000000000000011111110000000000,1,0,0,40
127,2,TypeB,40500,000000000000011111110000000000000011111110000000000000000111111100000000000000000000000000000000000000000000000000000000000000000111111110000000000000011111110000000000,1,0,0,29
128,3,TypeC,30400,000000000000000000000000111100000000000000000000000000000000011111000000000000000000000000000000000000011111100000000000000000000000111110000000000000000111110000000000,1,0,0,4
129,4,TypeC,30400,000000000000000000000000111100000000000000000000000000000000011111000000000000000000000000000000000000011111100000000000000000000000111110000000000000000111110000000000,1,0,0,5
130,0,TypeA,48900,000000001111111110000000000000001111111110000000000000000000000111111111000000000000011111111110000000000000000000000000000000000000000000000000000000011111111000000000,0,0,0,4
131,1,TypeB,39400,000000000000011111110000000000000000000000000000111111100000000000000000000000111111110000000000000000000011111110000000000000000000000000000000000000011111111000000000,1,0,0,13
132,2,TypeB,39400,000000000000011111110000000000000000000000000000111111100000000000000000000000111111110000000000000000000011111110000000000000000000000000000000000000011111111000000000,1,0,0,16
133,3,TypeC,30900,000000000001111110000000000000000000001110000000000000000000011111000000000000000000011110000000000000000000000000000000000000000000000000000000000000000111111000000000,1,0,0,15
134,4,TypeC,30900,000000000001111110000000000000000000001110000000000000000000011111000000000000000000011110000000000000000000000000000000000000000000000000000000000000000111111000000000,1,0,0,16
135,0,TypeA,54000,000000000000011111111100000000000000000000000000000000000000000000000111111111100000000000000000000000011111111110000000000000001111111110000000000000000000011111111110,0,0,0,6
136,1,TypeB,40100,000000000000000000000111111100000000000000000000000000111111110000000000000000111111110000000000000001111111100000000000000000000011111110000000000000000000000000000000,1,0,0,32
137,2,TypeB,40100,000000000000000000000111111100000000000000000000000000111111110000000000000000111111110000000000000001111111100000000000000000000011111110000000000000000000000000000000,1,0,0,42
138,3,TypeC,22900,000000000000000000011111100000000000000000000000000000000000000000000111000000000000000000000000000000000000000000000011110000000000001111110000000000000000000000001110,0,0,0,2
139,4,TypeC,22900,000000000000000000011111100000000000000000000000000000000000000000000111000000000000000000000000000000000000000000000011110000000000001111110000000000000000000000001110,0,0,0,0
140,0,TypeA,55800,000000000000000000000000000000000000000011111111100000000000000111111111000000000000011111111110000000000000000011111111110000000000000000000000000000000000011111111110,0,0,0,1
141,1,TypeB,40400,000000000000000000000000000000000000000000000000000000000000000000000001111111100000000011111110000000000000000000000011110000000000111111110000000000000000111111110000,0,0,0,2
142,2,TypeB,40400,000000000000000000000000000000000000000000000000000000000000000000000001111111100000000011111110000000000000000000000011110000000000111111110000000000000000111111110000,0,0,0,2
143,3,TypeC,28400,000000001111110000000000000000000000001111110000000000000000000000000000000000000000000000000000000000000000000000000011110000000000000000000000001111110000000000011110,1,0,0,32
144,4,TypeC,28400,000000001111110000000000000000000000001111110000000000000000000000000000000000000000000000000000000000000000000000000011110000000000000000000000001111110000000000011110,1,1,1,15
145,0,TypeA,53700,000000000000000000000000000000000000000011111111110000000000000111111111000000000000000000000000000000011111111110000000000000001111111110000000000000000000011111111110,1,0,0,19
146,1,TypeB,39400,000000000000011111110000000000000000000000000000111111100000000011111111000000000000000011111110000000000000000000000000000001111111100000000000000000000000000000000000,1,1,1,37
147,2,TypeB,39400,000000000000011111110000000000000000000000000000111111100000000011111111000000000000000011111110000000000000000000000000000001111111100000000000000000000000000000000000,1,0,0,38
148,3,TypeC,29500,000000000000000000000000000000000000001111110000000000000000000000011111000000000000000000000000000000011111100000000000000000000000111110000000000000000000111000000000,1,0,0,7
149,4,TypeC,29500,000000000000000000000000000000000000001111110000000000000000000000011111000000000000000000000000000000011111100000000000000000000000111110000000000000000000111000000000,1,0,0,5
150,0,TypeA,53900,000000000000011111111100000000000000000000000000000000000000000111111111000000000000001111111110000000000000000011111111110000000000000000000000000000000000011111111110,1,0,0,16
151,1,TypeB,41500,000000000000000000000111111100000000000000000000000000000111111110000000000000000000000000000000000000000000000011111110000000000000111111110000000000011111110000000000,1,0,0,28
152,2,TypeB,41500,000000000000000000000111111100000000000000000000000000000111111110000000000000000000000000000000000000000000000011111110000000000000111111110000000000011111110000000000,1,0,0,26
153,3,TypeC,25000,000000000000011110000000000000000000000000000000011111100000000000000000000000111000000000000000000000000000000000000000000000000000001111110000000000000000111000000000,0,0,0,1
154,4,TypeC,25000,000000000000011110000000000000000000000000000000011111100000000000000000000000111000000000000000000000000000000000000000000000000000001111110000000000000000111000000000,0,0,0,0
155,0,TypeA,52600,000000111111111000000000000000001111111110000000000000000000000111111111000000000000011111111110000000000000000000000011111111100000000000000000000000000000000000000000,0,0,0,0
156,1,TypeB,41800,000000001111111000000000000000001111111000000000000000000000000000000000000000000000000000000000000000011111110000000000011111111000000000000000000000000000111111110000,1,0,0,1
157,2,TypeB,41800,000000001111111000000000000000001111111000000000000000000000000000000000000000000000000000000000000000011111110000000000011111111000000000000000000000000000111111110000,1,0,0,0
158,3,TypeC,29500,000000000000011110000000000000000000001111110000000000000000000000000000000000000000111110000000000001111000000000000000000000000000001111110000000000000000000000000000,1,0,0,14
159,4,TypeC,29500,000000000000011110000000000000000000001111110000000000000000000000000000000000000000111110000000000001111000000000000000000000000000001111110000000000000000000000000000,1,0,0,13
160,0,TypeA,53900,000000001111111110000000000000000000000011111111110000000000000000000000000000000000011111111110000000000000000000000011111111100000000000000000000000000000111111111000,0,0,0,0
161,1,TypeB,39200,000000000001111110000000000000000000000000000000111111100000000000000000000000111111110000000000000000000000000000000000000000000011111110000000000000011111110000000000,1,0,0,12
162,2,TypeB,39200,000000000001111110000000000000000000000000000000111111100000000000000000000000111111110000000000000000000000000000000000000000000011111110000000000000011111110000000000,1,0,0,11
163,3,TypeC,31700,000000000001111110000000000000000001111110000000000000000000000000000000000000111110000000000000000000000000000000000000000001111110000000000000000000000000111000000000,1,0,0,5
164,4,TypeC,31700,000000000001111110000000000000000001111110000000000000000000000000000000000000111110000000000000000000000000000000000000000001111110000000000000000000000000111000000000,1,0,0,11
165,0,TypeA,51200,000000001111111110000000000000001111111110000000000000000000000111111111000000000000000000000000000000011111111110000000000000000000000000000000000011111111110000000000,1,0,0,24
166,1,TypeB,38800,000000001111111000000000000111111110000000000000000000000000011111110000000000000011111110000000000000000000000000000011111111000000000000000000000000000000000000000000,0,0,0,0
167,2,TypeB,38800,000000001111111000000000000111111110000000000000000000000000011111110000000000000011111110000000000000000000000000000011111111000000000000000000000000000000000000000000,0,0,0,0
168,3,TypeC,27800,000000001111110000000000000000001110000000000000000000000000000000011111000000000000001110000000000000000000000000000000000000000000000000000000000000000111111000000000,0,0,0,4
169,4,TypeC,27800,000000001111110000000000000000001110000000000000000000000000000000011111000000000000001110000000000000000000000000000000000000000000000000000000000000000111111000000000,0,0,0,0
170,0,TypeA,53800,000000011111111110000000000000000000000000000000000000000000000111111111000000000000011111111110000000000000000000000000000000000011111111110000000000000000011111111110,1,0,0,16
171,1,TypeB,41500,000000011111111000000000000000000000000000000000000000000000000001111111000000000011111110000000000000000000000000000000000000000011111110000000000000011111111000000000,1,0,0,5
172,2,TypeB,41500,000000011111111000000000000000000000000000000000000000000000000001111111000000000011111110000000000000000000000000000000000000000011111110000000000000011111111000000000,1,0,0,8
173,3,TypeC,31600,000111111000000000000000000000000000001111110000000000000000011111000000000000111110000000000000000000000000000000000000000000000000001111110000000000000000000000000000,1,0,0,25
174,4,TypeC,31600,000111111000000000000000000000000000001111110000000000000000011111000000000000111110000000000000000000000000000000000000000000000000001111110000000000000000000000000000,1,0,0,20
175,0,TypeA,57100,000000000000000000011111111100000000000000000000000000111111111100000000000000000000011111111110000000000000000000000000011111111110000000000000000000000000111111111100,1,0,0,0
176,1,TypeB,42800,000000000000000000000111111100000000000000000000111111100000000000000000000000111111110000000000000000000000000000000000011111111000000000000000000000011111111000000000,1,0,0,22
177,2,TypeB,42800,000000000000000000000111111100000000000000000000111111100000000000000000000000111111110000000000000000000000000000000000011111111000000000000000000000011111111000000000,1,0,0,23
178,3,TypeC,32500,000000000000000000011111100000000000001111110000000000000000000000000000000000000000011110000000000000000000000000000000000001111110000000000000000000000111111000000000,1,0,0,11
179,4,TypeC,32500,000000000000000000011111100000000000001111110000000000000000000000000000000000000000011110000000000000000000000000000000000001111110000000000000000000000111111000000000,1,0,0,17
180,0,TypeA,51300,000000000000000000000000000000001111111110000000000000111111111100000000000000001111111110000000000000011111111110000000000000000000000000000000000000000000011111111110,1,0,0,38
181,1,TypeB,36400,000000111111110000000000000000000000000000000000000000000000011111110000000000000000011110000000000000011111110000000000000000000000000000000000000000011111111000000000,1,0,0,2
182,2,TypeB,36400,000000111111110000000000000000000000000000000000000000000000011111110000000000000000011110000000000000011111110000000000000000000000000000000000000000011111111000000000,1,0,0,0
183,3,TypeC,28900,000000000001111110000000000000001111000000000000011111100000000000011111000000000000011110000000000000000000000000000000000000000000000000000000000000000000000000000000,0,0,0,0
184,4,TypeC,28900,000000000001111110000000000000001111000000000000011111100000000000011111000000000000011110000000000000000000000000000000000000000000000000000000000000000000000000000000,0,0,0,0
185,0,TypeA,55900,000000001111111110000000000000000000000011111111110000000000000000000000000000000000011111111110000000000000000011111111110000000000000000000000000000000000011111111110,0,0,0,11
186,1,TypeB,43800,000000111111110000000000000000000000000000000000000000000111111100000000000000000000000000000000000001111111100000000000000001111111100000000000000000011111111000000000,1,0,0,18
187,2,TypeB,43800,000000111111110000000000000000000000000000000000000000000111111100000000000000000000000000000000000001111111100000000000000001111111100000000000000000011111111000000000,1,0,0,26
188,3,TypeC,26400,000000000000111110000000000000000000001111110000000000000000000000000000000000111000000000000000000000000000000000000011110000000000000000000000001111110000000000000000,1,0,0,20
189,4,TypeC,26400,000000000000111110000000000000000000001111110000000000000000000000000000000000111000000000000000000000000000000000000011110000000000000000000000001111110000000000000000,1,0,0,6
190,0,TypeA,51000,000000001111111110000000000000000000000000000000000000111111111100000000000000111111111000000000000000011111111110000000000000000011111111110000000000000000000000000000,1,0,0,16
191,1,TypeB,40500,000000000000000000000000000000000000000000000000000000000111111100000000000000000011111110000000000000011111110000000000000000111111100000000000000000000000111111110000,1,0,0,0
192,2,TypeB,40500,000000000000000000000000000000000000000000000000000000000111111100000000000000000011111110000000000000011111110000000000000000111111100000000000000000000000111111110000,1,0,0,0
193,3,TypeC,27200,000000000001111110000000000000000000000000000000000000000000000000011111000000000000111110000000000000000000000000000011110000000000000000000000000000000000111000000000,1,0,0,18
194,4,TypeC,27200,000000000001111110000000000000000000000000000000000000000000000000011111000000000000111110000000000000000000000000000011110000000000000000000000000000000000111000000000,1,0,0,18
195,0,TypeA,51800,000000001111111110000000000000001111111110000000000000000000011111111100000000000000011111111110000000000000000011111111110000000000000000000000000000000000000000000000,1,0,0,3
196,1,TypeB,40500,000000000000011111110000000000000000000000000000000000000000000111111100000000000000000000000000000000000000000011111110000000000011111110000000000000000000011111111000,1,0,0,0
197,2,TypeB,40500,000000000000011111110000000000000000000000000000000000000000000111111100000000000000000000000000000000000000000011111110000000000011111110000000000000000000011111111000,1,0,0,0
198,3,TypeC,32400,000000001111110000000000000111111000000000000000000000000000000000000000000000000000011110000000000000011111100000000000000000000000111110000000000000000000000000000000,1,0,0,9
199,4,TypeC,32400,000000001111110000000000000111111000000000000000000000000000000000000000000000000000011110000000000000011111100000000000000000000000111110000000000000000000000000000000,1,0,0,14
200,0,TypeA,55300,000000000000000000000000000000000000000000000000011111111110000000000000000000111111111000000000000000011111111110000000000001111111111000000000000000000000011111111110,0,0,0,0
201,1,TypeB,41500,000000000000000000000000000000000000000000000000000000000111111100000000000000111111110000000000000000000000000011111110000000000011111110000000001111111100000000000000,1,0,0,18
202,2,TypeB,41500,000000000000000000000000000000000000000000000000000000000111111100000000000000111111110000000000000000000000000011111110000000000011111110000000001111111100000000000000,1,0,0,8
203,3,TypeC,32800,000111111000000000000000000000000000000000000000011111100000000000000000000000000000000000000000000000000001111110000000000000000000111110000000000000000111110000000000,0,0,0,1
204,4,TypeC,32800,000111111000000000000000000000000000000000000000011111100000000000000000000000000000000000000000000000000001111110000000000000000000111110000000000000000111110000000000,0,0,0,0
205,0,TypeA,53700,000000001111111110000000000000000000000000000000111111111100000000000000000000111111111000000000000000011111111110000000000000000000000000000000000000000000011111111110,1,0,0,29
206,1,TypeB,39400,000000000000000000000000000000001111111000000000111111100000000000000001111111100000000000000000000000000000000011111110000000000000000000000000001111111100000000000000,0,0,0,0
207,2,TypeB,39400,000000000000000000000000000000001111111000000000111111100000000000000001111111100000000000000000000000000000000011111110000000000000000000000000001111111100000000000000,0,0,0,1
208,3,TypeC,30500,000111111000000000000000000000000000011110000000000000000000000000011111000000000000000000000000000000000000000000000000000000000000111110000000000000000111111000000000,1,0,0,3
209,4,TypeC,30500,000111111000000000000000000000000000011110000000000000000000000000011111000000000000000000000000000000000000000000000000000000000000111110000000000000000111111000000000,1,0,0,5
210,0,TypeA,51500,000000001111111110000000000000000000000000000000000000000000000111111111000000000000000000000000000000011111111110000000000000111111111000000000000000000000011111111110,0,0,0,0
211,1,TypeB,42500,000000000000000000000111111100000000000000000000000000000011111111000000000000000000000000000000000001111111100000000000000000001111111000000000000000011111111000000000,0,0,0,0
212,2,TypeB,42500,000000000000000000000111111100000000000000000000000000000011111111000000000000000000000000000000000001111111100000000000000000001111111000000000000000011111111000000000,0,0,0,0
213,3,TypeC,34400,000111111000000000000000000000000000000000000000000000000011111100000000000000111110000000000000000000011111100000000000000000000000000000000000000000000111111000000000,1,0,0,20
214,4,TypeC,34400,000111111000000000000000000000000000000000000000000000000011111100000000000000111110000000000000000000011111100000000000000000000000000000000000000000000111111000000000,1,0,0,20
215,0,TypeA,54300,000000000000000000000000000000001111111110000000000000000000000111111111000000000000011111111110000000000000000011111111110000000000000000000000000000000000011111111110,1,0,0,51
216,1,TypeB,39400,000000111111110000000000000000001111111000000000000000000000000001111111000000000000000011111110000000000000000000000000000000000000000000000000001111111100000000000000,1,0,0,2
217,2,TypeB,39400,000000111111110000000000000000001111111000000000000000000000000001111111000000000000000011111110000000000000000000000000000000000000000000000000001111111100000000000000,1,0,0,1
218,3,TypeC,29800,000000001111110000000000111100000000000000000000000000000000000000000000000000000000011110000000000001111110000000000000000000000000000000000000000000000111110000000000,1,0,0,20
219,4,TypeC,29800,000000001111110000000000111100000000000000000000000000000000000000000000000000000000011110000000000001111110000000000000000000000000000000000000000000000111110000000000,1,0,0,8
220,0,TypeA,50900,000000000000011111111100000000000000000000000000000000000000011111111100000000000000000000000000000000011111111110000000000000001111111110000000000000000000011111111110,1,0,0,0
221,1,TypeB,39200,000000000000011111110000000000000000000000000000000000000000000111111100000000000000000011111110000000000000000000000000000000000000111111110000000000000111111000000000,0,0,0,1
222,2,TypeB,39200,000000000000011111110000000000000000000000000000000000000000000111111100000000000000000011111110000000000000000000000000000000000000111111110000000000000111111000000000,0,0,0,1
223,3,TypeC,34600,000000000001111110000000000000000000000000000000000000000000000000000000000000111110000000000000000000000000111110000000000000000000001111110000000000000111111000000000,1,0,0,8
224,4,TypeC,34600,000000000001111110000000000000000000000000000000000000000000000000000000000000111110000000000000000000000000111110000000000000000000001111110000000000000111111000000000,1,0,0,15
225,0,TypeA,51000,000000001111111110000000000000001111111110000000000000111111111100000000000000000000011111111110000000000000000000000000000000000011111111110000000000000000000000000000,1,0,0,4
226,1,TypeB,43800,000000000000011111110000000000000000000000000000000000111111110000000000000000111111110000000000000000000000000000000000000000000000111111110000000000000000111111110000,1,0,0,1
227,2,TypeB,43800,000000000000011111110000000000000000000000000000000000111111110000000000000000111111110000000000000000000000000000000000000000000000111111110000000000000000111111110000,1,0,0,0
228,3,TypeC,31700,000000001111110000000000000000000000000000000000000000000000000000000111000000000000111110000000000000000000000000000000000000000000001111110000000000000111111000000000,1,0,0,7
229,4,TypeC,31700,000000001111110000000000000000000000000000000000000000000000000000000111000000000000111110000000000000000000000000000000000000000000001111110000000000000111111000000000,1,0,0,2
230,0,TypeA,57400,000000000000011111111100000000000000000000000000111111111100000000000000000000000000011111111110000000000000000011111111110000000000000000000000000011111111110000000000,1,0,0,9
231,1,TypeB,39200,000000000000000000000111111100000000000000000000000000000111111100000000000000000000000011111110000000000000000000000000000000000011111110000000000000011111110000000000,1,0,0,17
232,2,TypeB,39200,000000000000000000000111111100000000000000000000000000000111111100000000000000000000000011111110000000000000000000000000000000000011111110000000000000011111110000000000,1,0,0,26
233,3,TypeC,28000,000111111000000000000000000000000000000000000000111000000000000000000000000000000000011110000000000000000001111110000000000000000000000000000000001111110000000000000000,1,0,0,13
234,4,TypeC,28000,000111111000000000000000000000000000000000000000111000000000000000000000000000000000011110000000000000000001111110000000000000000000000000000000001111110000000000000000,1,0,0,19
235,0,TypeA,52800,000000001111111110000000000000000000000011111111110000000000000111111111000000000000000000000000000000011111111110000000000000000011111111110000000000000000000000000000,1,0,0,3
236,1,TypeB,43800,000000111111110000000000000000000000000000000000000000000111111100000000000000111111110000000000000000000000000000000000000000000000111111110000000000011111111000000000,1,0,0,29
237,2,TypeB,43800,000000111111110000000000000000000000000000000000000000000111111100000000000000111111110000000000000000000000000000000000000000000000111111110000000000011111111000000000,1,0,0,19
238,3,TypeC,34300,000000001111110000000000000000000000001111110000000000111110000000000000000000000000111110000000000000000000000000000000000000000000000000000000000000000111111000000000,1,0,0,10
239,4,TypeC,34300,000000001111110000000000000000000000001111110000000000111110000000000000000000000000111110000000000000000000000000000000000000000000000000000000000000000111111000000000,1,0,0,21
240,0,TypeA,51300,000000011111111110000000000000001111111110000000000000111111111100000000000000111111111000000000000000011111111110000000000000000000000000000000000000000000000000000000,1,1,1,15
241,1,TypeB,40500,000000000000011111110000000000001111111000000000111111100000000000000000000000000000000000000000000000000000000000000000000000000011111110000000001111111100000000000000,1,0,0,7
242,2,TypeB,40500,000000000000011111110000000000001111111000000000111111100000000000000000000000000000000000000000000000000000000000000000000000000011111110000000001111111100000000000000,1,0,0,6
243,3,TypeC,31200,000000000000000011111100000000000000000000000000000000000000000000000000000000000000111110000000000001111110000000000011110000000000000000000000000000000111111000000000,1,0,0,2
244,4,TypeC,31200,000000000000000011111100000000000000000000000000000000000000000000000000000000000000111110000000000001111110000000000011110000000000000000000000000000000111111000000000,1,0,0,3
245,0,TypeA,54300,000000000000011111111100000000000000000011111111110000000000000111111111000000000000000000000000000000011111111110000000000000000000000000000000000000000000011111111110,1,0,0,10
246,1,TypeB,38100,000000001111111000000000000111111110000000000000000000000111111100000000000000000000000000000000000000011111110000000000000000000011111110000000000000000000000000000000,1,0,0,2
247,2,TypeB,38100,000000001111111000000000000111111110000000000000000000000111111100000000000000000000000000000000000000011111110000000000000000000011111110000000000000000000000000000000,1,0,0,3
248,3,TypeC,31200,000111111000000000000000000000000000000000000000000000000000011111000000000000000000111110000000000000000000000000000000011111100000000000000000000000000111110000000000,1,0,0,4
249,4,TypeC,31200,000111111000000000000000000000000000000000000000000000000000011111000000000000000000111110000000000000000000000000000000011111100000000000000000000000000111110000000000,1,0,0,4
250,0,TypeA,50000,000000001111111110000000000000001111111110000000000000000000000111111111000000000000000000000000000000011111111110000000000000000011111111110000000000000000000000000000,1,0,0,11
251,1,TypeB,40400,000000000000011111110000000000000000000000000000111111100000000000000000000000111111110000000000000001111111100000000000000000000000000000000000001111111100000000000000,1,0,0,11
252,2,TypeB,40400,000000000000011111110000000000000000000000000000111111100000000000000000000000111111110000000000000001111111100000000000000000000000000000000000001111111100000000000000,1,0,0,5
253,3,TypeC,32800,000000001111110000000000000000000000000000000000000000000000000111110000000000000000111110000000000000011111100000000000000000000000000000000000001111110000000000000000,1,0,0,3
254,4,TypeC,32800,000000001111110000000000000000000000000000000000000000000000000111110000000000000000111110000000000000011111100000000000000000000000000000000000001111110000000000000000,1,0,0,1
255,0,TypeA,51500,000000000000011111111100000000000000000000000000000000000000000111111111000000000000000000000000000000011111111110000000000000001111111110000000000000000000011111111110,1,0,0,8
256,1,TypeB,37100,000111111000000000000111111100000000000000000000000000000000000000000001111111100000000000000000000000011111110000000000000000000011111110000000000000000000000000000000,1,0,0,1
257,2,TypeB,37100,000111111000000000000111111100000000000000000000000000000000000000000001111111100000000000000000000000011111110000000000000000000011111110000000000000000000000000000000,1,0,0,0
258,3,TypeC,33300,000111111000000000000000000000000000000000000000000000000000000000000000000000000000011110000000000000000001111110000000000000000000111110000000000000000111111000000000,1,0,0,22
259,4,TypeC,33300,000111111000000000000000000000000000000000000000000000000000000000000000000000000000011110000000000000000001111110000000000000000000111110000000000000000111111000000000,1,0,0,5
260,0,TypeA,50700,000000001111111110000000000000001111111110000000000000000011111111110000000000000000000000000000000000011111111110000000000000000000000000000000000000000000011111111110,1,0,0,0
261,1,TypeB,40400,000000000000011111110000000000000000000000000000000000000111111100000000000000111111110000000000000001111111100000000000011111111000000000000000000000000000000000000000,1,0,0,16
262,2,TypeB,40400,000000000000011111110000000000000000000000000000000000000111111100000000000000111111110000000000000001111111100000000000011111111000000000000000000000000000000000000000,1,0,0,12
263,3,TypeC,32400,000111111000000000000000000000000000000000000000000000000011111100000000000000000000011110000000000000000000000000000000000000000000001111110000000000000111110000000000,1,0,0,14
264,4,TypeC,32400,000111111000000000000000000000000000000000000000000000000011111100000000000000000000011110000000000000000000000000000000000000000000001111110000000000000111110000000000,1,0,0,6
265,0,TypeA,50900,000000001111111110000000000000001111111110000000000000000000000111111111000000000000000000000000000000011111111110000000000000000000000000000000000000000000011111111110,1,0,0,35
266,1,TypeB,36100,000111111000000000000111111100000000000000000000000000000000000111111100000000000000000000000000000000011111110000000000000000000011111110000000000000000000000000000000,0,0,0,0
267,2,TypeB,36100,000111111000000000000111111100000000000000000000000000000000000111111100000000000000000000000000000000011111110000000000000000000011111110000000000000000000000000000000,0,0,0,0
268,3,TypeC,30000,000111111000000000000000000000000000001111110000000000000000000000000000000000000000011110000000000000011111000000000000000000000000000000000000001111110000000000000000,1,0,0,6
269,4,TypeC,30000,000111111000000000000000000000000000001111110000000000000000000000000000000000000000011110000000000000011111000000000000000000000000000000000000001111110000000000000000,1,0,0,6
270,0,TypeA,49400,000000000000011111111100000000000000000000000000000000000111111111000000000000111111111000000000000000011111111110000000000000000111111111100000000000000000000000000000,1,0,0,0
271,1,TypeB,42800,000000000000011111110000000000000000000000000000000000000011111111000000000000000000000000000000000000011111110000000000000000000111111110000000000000011111111000000000,1,0,0,3
272,2,TypeB,42800,000000000000011111110000000000000000000000000000000000000011111111000000000000000000000000000000000000011111110000000000000000000111111110000000000000011111111000000000,1,0,0,1
273,3,TypeC,29000,000000000001111110000000000111111000000000000000000000000000000000000000000000000000011110000000000000000000000000000011110000000000000000000000001111110000000000000000,1,0,0,21
274,4,TypeC,29000,000000000001111110000000000111111000000000000000000000000000000000000000000000000000011110000000000000000000000000000011110000000000000000000000001111110000000000000000,1,0,0,17
275,0,TypeA,54300,000000000000011111111100000000000000000000000000111111111100000000000000000000111111111000000000000000011111111110000000000001111111111000000000000000000000000000000000,0,0,0,1
276,1,TypeB,41500,000000000000011111110000000000000000000000000000111111100000000000000000000000111111110000000000000000000000000000000000000000000011111110000000000000011111111000000000,1,0,0,25
277,2,TypeB,41500,000000000000011111110000000000000000000000000000111111100000000000000000000000111111110000000000000000000000000000000000000000000011111110000000000000011111111000000000,1,0,0,23
278,3,TypeC,30700,000111111000000000000000000000000000000000000000000000000000000000000000000000111110000000000000000001111110000000000000000000000011111000000000001111110000000000000000,0,0,0,0
279,4,TypeC,30700,000111111000000000000000000000000000000000000000000000000000000000000000000000111110000000000000000001111110000000000000000000000011111000000000001111110000000000000000,0,0,0,0
280,0,TypeA,53400,000000000000011111111100000000000000000000000000111111111100000000000000000000111111111000000000000000011111111110000000000000000011111111110000000000000000000000000000,1,0,0,9
281,1,TypeB,39400,000000000000000000000111111100000000000000000000111111100000000000000000000000111111110000000000000000000011111110000000000000000111111110000000000000000000000000000000,1,0,0,3
282,2,TypeB,39400,000000000000000000000111111100000000000000000000111111100000000000000000000000111111110000000000000000000011111110000000000000000111111110000000000000000000000000000000,1,0,0,1
283,3,TypeC,31300,000000001111110000000000000000000000000000000000000000000000000000000000000000111110000000000000000001111110000000000000000000111110000000000000001111110000000000000000,1,0,0,6
284,4,TypeC,31300,000000001111110000000000000000000000000000000000000000000000000000000000000000111110000000000000000001111110000000000000000000111110000000000000001111110000000000000000,1,0,0,2
285,0,TypeA,52200,000000000000000000000000000000001111111110000000000000111111111100000000000000111111111000000000000000011111111110000000000000000000000000000000000011111111110000000000,1,0,0,7
286,1,TypeB,42200,000000000000000000000000000000000000000000000000111111100000000001111111000000000000000000000000000001111111100000000011111111000000000000000000000000000000111111110000,1,0,0,0
287,2,TypeB,42200,000000000000000000000000000000000000000000000000111111100000000001111111000000000000000000000000000001111111100000000011111111000000000000000000000000000000111111110000,1,0,0,0
288,3,TypeC,29300,000111111000000000000000000000000000000000000000000000000000000000011111000000000000011110000000000001111110000000000000000000000000000000000000000000000111110000000000,1,0,0,20
289,4,TypeC,29300,000111111000000000000000000000000000000000000000000000000000000000011111000000000000011110000000000001111110000000000000000000000000000000000000000000000111110000000000,1,0,0,14
290,0,TypeA,51300,000000000000000000000000000000001111111110000000000000000000011111111100000000000000000000000000000000011111111110000000000000000011111111110000000000000000011111111110,1,0,0,0
291,1,TypeB,41800,000000000000000000000000000000000000000000000000111111100000000001111111000000000011111110000000000000000000000000000000000001111111100000000000001111111100000000000000,1,0,0,2
292,2,TypeB,41800,000000000000000000000000000000000000000000000000111111100000000001111111000000000011111110000000000000000000000000000000000001111111100000000000001111111100000000000000,1,0,0,2
293,3,TypeC,34900,000000000001111110000000000000000000001111110000000000000000000000000000000000000000111110000000000000011111100000000000000000000000111110000000000000000000000000000000,1,0,0,3
294,4,TypeC,34900,000000000001111110000000000000000000001111110000000000000000000000000000000000000000111110000000000000011111100000000000000000000000111110000000000000000000000000000000,1,0,0,1
295,0,TypeA,50000,000000000000000000000000000000001111111110000000000000111111111100000000000000111111111000000000000000011111111110000000000000001111111110000000000000000000000000000000,1,0,0,2
296,1,TypeB,39800,000000111111110000000000000111111110000000000000111111100000000000000000000000000000000000000000000001111111000000000011111111000000000000000000000000000000000000000000,0,0,0,1
297,2,TypeB,39800,000000111111110000000000000111111110000000000000111111100000000000000000000000000000000000000000000001111111000000000011111111000000000000000000000000000000000000000000,0,0,0,1
298,3,TypeC,34300,000000001111110000000000000000000000000000000000000000000000000000000000000000111110000000000000000000000001111110000000000000000000001111110000000000000111110000000000,1,0,0,17
299,4,TypeC,34300,000000001111110000000000000000000000000000000000000000000000000000000000000000111110000000000000000000000001111110000000000000000000001111110000000000000111110000000000,1,0,0,19
300,0,TypeA,50300,000000000000000000000000000000001111111110000000000000111111111100000000000000111111111000000000000000011111111110000000000000000000000000000000000000000000111111111000,1,0,0,0
301,1,TypeB,41800,000000001111111000000000000000000011111110000000000000000111111100000000000000000000000000000000000000000000000000000000000000000000111111110000000000000000011111111000,1,0,0,0
302,2,TypeB,41800,000000001111111000000000000000000011111110000000000000000111111100000000000000000000000000000000000000000000000000000000000000000000111111110000000000000000011111111000,1,0,0,0
303,3,TypeC,33500,000000001111110000000000000000000000001111110000000000000000000000000000000000000000111110000000000000000000000000000000000001111110000000000000001111110000000000000000,1,0,0,17
304,4,TypeC,33500,000000001111110000000000000000000000001111110000000000000000000000000000000000000000111110000000000000000000000000000000000001111110000000000000001111110000000000000000,1,0,0,25
305,0,TypeA,47800,000000000000000000000000000000001111111110000000000000000111111111000000000000111111111000000000000000011111111110000000000000000011111111100000000000000000000000000000,1,0,0,0
306,1,TypeB,41800,000000000000000000000111111100000000000000000000000000000111111100000000000000000000000000000000000000011111110000000000000001111111100000000000000000000000111111110000,1,0,0,0
307,2,TypeB,41800,000000000000000000000111111100000000000000000000000000000111111100000000000000000000000000000000000000011111110000000000000001111111100000000000000000000000111111110000,1,0,0,1
308,3,TypeC,31700,000000000001111110000000000000000000001111110000000000000000000000000000000000000000111110000000000000000000000000000011110000000000000000000000000000000111110000000000,1,0,0,18
309,4,TypeC,31700,000000000001111110000000000000000000001111110000000000000000000000000000000000000000111110000000000000000000000000000011110000000000000000000000000000000111110000000000,1,0,0,21
310,0,TypeA,52900,000000000000000000000000000000000000000000000000000000111111111100000000000000111111111000000000000000011111111110000000000000000011111111110000000000000000011111111110,1,0,0,1
311,1,TypeB,39400,000000000000000000000111111100000000000000000000111111100000000001111111000000000000000000000000000001111111100000000000000000000000111111110000000000000000000000000000,1,0,0,20
312,2,TypeB,39400,000000000000000000000111111100000000000000000000111111100000000001111111000000000000000000000000000001111111100000000000000000000000111111110000000000000000000000000000,1,0,0,22
313,3,TypeC,29700,000111111000000000011111100000000001111110000000000000000000000000000000000000000000001110000000000000000000000000000000000000000000000000000000001111110000000000000000,1,0,0,0
314,4,TypeC,29700,000111111000000000011111100000000001111110000000000000000000000000000000000000000000001110000000000000000000000000000000000000000000000000000000001111110000000000000000,1,0,0,1
315,0,TypeA,51900,000000000000000000000000000000001111111110000000000000111111111100000000000000111111111000000000000000011111111110000000000000000000000000000000000000000000011111111110,1,0,0,31
316,1,TypeB,42800,000000000000000000000111111100000000000000000000000000000111111110000000000000000000000000000000000001111111000000000000000000000111111110000000001111111100000000000000,1,0,0,2
317,2,TypeB,42800,000000000000000000000111111100000000000000000000000000000111111110000000000000000000000000000000000001111111000000000000000000000111111110000000001111111100000000000000,1,0,0,5
318,3,TypeC,29800,000111111000000000011111100000000000000000000000000000000000011111000000000000111110000000000000000000000000000000000000000000000000000000000000001111110000000000000000,1,0,0,11
319,4,TypeC,29800,000111111000000000011111100000000000000000000000000000000000011111000000000000111110000000000000000000000000000000000000000000000000000000000000001111110000000000000000,1,0,0,14
320,0,TypeA,52800,000000001111111110000000000000001111111110000000000000000000000000000000000000000000011111111110000000000000000011111111110000000000000000000000000000000000111111111100,1,0,0,0
321,1,TypeB,42800,000000001111111000000000000000000000000000000000000000111111110000000000000000000000000011111110000000000000000000000000011111111000000000000000000000011111111000000000,1,0,0,0
322,2,TypeB,42800,000000001111111000000000000000000000000000000000000000111111110000000000000000000000000011111110000000000000000000000000011111111000000000000000000000011111111000000000,1,0,0,1
323,3,TypeC,31200,000111111000000000000000000000000000000000000000000000000111110000000000000000000000000000000000000000000000000000000011110000000000001111110000000000000111111000000000,1,0,0,11
324,4,TypeC,31200,000111111000000000000000000000000000000000000000000000000111110000000000000000000000000000000000000000000000000000000011110000000000001111110000000000000111111000000000,1,0,0,6
325,0,TypeA,54700,000000001111111110000000000000000000000000000000000000111111111100000000000000000000011111111110000000000000000011111111110000000000000000000000000000000000011111111110,1,0,0,12
326,1,TypeB,43800,000000000000011111110000000000000000000000000000000000000111111110000000000000000000000000000000000001111111100000000000000000000000111111110000000000011111111000000000,1,0,0,17
327,2,TypeB,43800,000000000000011111110000000000000000000000000000000000000111111110000000000000000000000000000000000001111111100000000000000000000000111111110000000000011111111000000000,1,0,0,15
328,3,TypeC,33100,000111111000000000000000000000000000000000000000000000000000000000000000000000000000011110000000000000011111100000000000000000000000001111110000000000000111111000000000,1,1,1,15
329,4,TypeC,33100,000111111000000000000000000000000000000000000000000000000000000000000000000000000000011110000000000000011111100000000000000000000000001111110000000000000111111000000000,1,0,0,16
330,0,TypeA,52800,000000001111111110000000000000001111111110000000000000111111111100000000000000000000011111111110000000000000000011111111110000000000000000000000000000000000000000000000,1,0,0,11
331,1,TypeB,40800,000000111111110000000000000000000011111110000000000000000111111110000000000000111111110000000000000000000000000000000011111111000000000000000000000000000000000000000000,1,0,0,5
332,2,TypeB,40800,000000111111110000000000000000000011111110000000000000000111111110000000000000111111110000000000000000000000000000000011111111000000000000000000000000000000000000000000,1,0,0,3
333,3,TypeC,27200,000111111000000000000000000000000000000000000000000000000000000111110000000000111110000000000000000000000000000000000011110000000000000000000000001111110000000000000000,1,0,0,0
334,4,TypeC,27200,000111111000000000000000000000000000000000000000000000000000000111110000000000111110000000000000000000000000000000000011110000000000000000000000001111110000000000000000,1,0,0,0
335,0,TypeA,54400,000000011111111110000000000000001111111110000000000000000000000000000000000000000000011111111110000000000000000011111111110000000000000000000000000000000000011111111110,1,0,0,1
336,1,TypeB,42400,000000111111110000000000000111111110000000000000000000000111111110000000000000111111110000000000000000000000000000000000000001111111100000000000000000000000000000000000,1,0,0,2
337,2,TypeB,42400,000000111111110000000000000111111110000000000000000000000111111110000000000000111111110000000000000000000000000000000000000001111111100000000000000000000000000000000000,1,0,0,6
338,3,TypeC,27200,000111111000000000000000000000000000000000000000000000000000000000000000000000111110000000000000000000000000000000000000000001111110000000000000001111110000000000001110,1,0,0,1
339,4,TypeC,27200,000111111000000000000000000000000000000000000000000000000000000000000000000000111110000000000000000000000000000000000000000001111110000000000000001111110000000000001110,1,0,0,1
340,0,TypeA,56400,000000000000011111111100000000000000000000000000111111111100000000000000000000000000011111111110000000000000000000000011111111100000000000000000000000000000111111111100,0,0,0,0
341,1,TypeB,38400,000111111000000000000111111100000000000000000000000000000111111100000000000000111111110000000000000000000000000000000000000000000111111110000000000000000000000000000000,1,0,0,10
342,2,TypeB,38400,000111111000000000000111111100000000000000000000000000000111111100000000000000111111110000000000000000000000000000000000000000000111111110000000000000000000000000000000,1,0,0,11
343,3,TypeC,30200,000111111000000000000000000000000000000000000000000000000000000000000000000000111110000000000000000001111110000000000000011111100000000000000000001111110000000000000000,1,0,0,5
344,4,TypeC,30200,000111111000000000000000000000000000000000000000000000000000000000000000000000111110000000000000000001111110000000000000011111100000000000000000001111110000000000000000,1,0,0,5
345,0,TypeA,53700,000000000000011111111100000000000000000000000000111111111100000000000000000000000000000000000000000000011111111110000000000000001111111110000000000000000000011111111110,1,0,0,8
346,1,TypeB,38400,000000001111111000000000000000000011111110000000000000000111111100000000000000000011111110000000000000000000000000000000000000000000000000000000000000000000111111110000,1,0,0,0
347,2,TypeB,38400,000000001111111000000000000000000011111110000000000000000111111100000000000000000011111110000000000000000000000000000000000000000000000000000000000000000000111111110000,1,0,0,0
348,3,TypeC,25600,000111111000000000000000000000000000000000000000000000000000000000000000000000111110000000000000000001111000000000000011110000000000000000000000001111110000000000000000,1,0,0,4
349,4,TypeC,25600,000111111000000000000000000000000000000000000000000000000000000000000000000000111110000000000000000001111000000000000011110000000000000000000000001111110000000000000000,1,0,0,0
350,0,TypeA,58100,000000000000111111111100000000000000000000000000111111111100000000000000000000000000011111111110000000000000000011111111110000000000000000000000000000000000011111111110,1,0,0,13
351,1,TypeB,41400,000000000000111111110000000000000011111110000000000000000111111110000000000000111111110000000000000000000000000000000000000000000000000000000000000000000000111111110000,1,0,0,0
352,2,TypeB,41400,000000000000111111110000000000000011111110000000000000000111111110000000000000111111110000000000000000000000000000000000000000000000000000000000000000000000111111110000,1,0,0,0
353,3,TypeC,25600,000111111000000000000000000000000000000000000000000000000000000000000000000000111110000000000000000000000000000000000011110000000000000000000000001111110000000000011110,1,0,0,8
354,4,TypeC,25600,000111111000000000000000000000000000000000000000000000000000000000000000000000111110000000000000000000000000000000000011110000000000000000000000001111110000000000011110,1,0,0,2
355,0,TypeA,58400,000000000000000000000000000000000000000000000000111111111100000000000001111111111000000000000000000000011111111110000000000001111111111000000000000000000000111111111100,0,0,0,0
356,1,TypeB,41100,000000111111110000000000000000000000000000000000000000000111111110000000000000111111110000000000000001111111100000000000000000000011111110000000000000000000000000000000,1,0,0,7
357,2,TypeB,41100,000000111111110000000000000000000000000000000000000000000111111110000000000000111111110000000000000001111111100000000000000000000011111110000000000000000000000000000000,1,0,0,16
358,3,TypeC,26700,000000001111110000000000000000000000000000000000111000000000011111000000000000000000000000000000000000000000000000000011110000000000000000000000001111110000000000000000,1,0,0,2
359,4,TypeC,26700,000000001111110000000000000000000000000000000000111000000000011111000000000000000000000000000000000000000000000000000011110000000000000000000000001111110000000000000000,1,0,0,1
360,0,TypeA,57400,000000000000011111111100000000000000000000000000111111111100000000000111111111100000000000000000000000011111111110000000000000000000000000000000000000000000011111111110,0,0,0,0
361,1,TypeB,38400,000000000000011111110000000000000011111110000000000000000111111100000000000000000011111110000000000000000000000000000000000000000000000000000000000000011111111000000000,1,0,0,0
362,2,TypeB,38400,000000000000011111110000000000000011111110000000000000000111111100000000000000000011111110000000000000000000000000000000000000000000000000000000000000011111111000000000,1,0,0,1
363,3,TypeC,29600,000111111000000000000000000000000000000000000000000000000000011111000000000000111110000000000000000000000000000000000011110000000000000000000000000000000111111000000000,1,0,0,13
364,4,TypeC,29600,000111111000000000000000000000000000000000000000000000000000011111000000000000111110000000000000000000000000000000000011110000000000000000000000000000000111111000000000,1,0,0,10
365,0,TypeA,57400,000000000000011111111100000000000000000000000000111111111100000000000001111111111000000000000000000000011111111110000000000000000000000000000000000000000000011111111110,1,0,0,0
366,1,TypeB,37100,000000001111111000000000000000001111111000000000000000000111111100000000000000000000000000000000000000000000000011111110000000000011111110000000000000000000000000000000,1,0,0,0
367,2,TypeB,37100,000000001111111000000000000000001111111000000000000000000111111100000000000000000000000000000000000000000000000011111110000000000011111110000000000000000000000000000000,1,0,0,0
368,3,TypeC,28900,000000000001111110000000000000000000000000000000000000000000000000011111000000000000011110000000000000000000000000000011110000000000001111110000000000000000000000000000,1,0,0,6
369,4,TypeC,28900,000000000001111110000000000000000000000000000000000000000000000000011111000000000000011110000000000000000000000000000011110000000000001111110000000000000000000000000000,1,0,0,0
370,0,TypeA,52900,000000000000000000000000000000001111111110000000000000111111111100000000000000000000000000000000000000011111111110000000000001111111111000000000000000000000111111111100,0,0,0,0
371,1,TypeB,41800,000000000000000000000111111100000000000000000000000000000111111100000000000000000000000011111110000000000000000000000000000001111111100000000000000000000000011111111000,1,0,0,0
372,2,TypeB,41800,000000000000000000000111111100000000000000000000000000000111111100000000000000000000000011111110000000000000000000000000000001111111100000000000000000000000011111111000,1,0,0,0
373,3,TypeC,29400,000111111000000000011111100000000000000000000000000000000000000000000000000000111110000000000000000000000000000000000011110000000000000000000000000000000111111000000000,1,0,0,15
374,4,TypeC,29400,000111111000000000011111100000000000000000000000000000000000000000000000000000111110000000000000000000000000000000000011110000000000000000000000000000000111111000000000,1,0,0,5
375,0,TypeA,52300,000000011111111110000000000000001111111110000000000000111111111100000000000000000000000000000000000000011111111110000000000000000000000000000000000000000000111111111100,1,0,0,0
376,1,TypeB,36000,000000000000000000000111111100000000000000000000111111100000000000000001111111100000000011111110000000000000000011111110000000000000000000000000000000000000000000000000,0,0,0,0
377,2,TypeB,36000,000000000000000000000111111100000000000000000000111111100000000000000001111111100000000011111110000000000000000011111110000000000000000000000000000000000000000000000000,0,0,0,0
378,3,TypeC,32900,000000000001111110000000000000000000001111110000000000000000000000000000000000111110000000000000000000000000000000000000000001111110000000000000001111110000000000000000,1,0,0,14
379,4,TypeC,32900,000000000001111110000000000000000000001111110000000000000000000000000000000000111110000000000000000000000000000000000000000001111110000000000000001111110000000000000000,1,0,0,6
380,0,TypeA,54300,000000000000000000011111111100000000000000000000000000111111111100000000000000000000000000000000000000011111111110000000000000111111111000000000000000000000011111111110,0,0,0,0
381,1,TypeB,41400,000000001111111000000000000111111110000000000000000000000111111110000000000000111111110000000000000000000000000000000000000000000111111110000000000000000000000000000000,1,0,0,0
382,2,TypeB,41400,000000001111111000000000000111111110000000000000000000000111111110000000000000111111110000000000000000000000000000000000000000000111111110000000000000000000000000000000,1,0,0,0
383,3,TypeC,27900,000111111000000000000000000000000000001111110000000000000000000000011111000000000000000000000000000000000000000000000011110000000000000000000000001111110000000000000000,1,0,0,4
384,4,TypeC,27900,000111111000000000000000000000000000001111110000000000000000000000011111000000000000000000000000000000000000000000000011110000000000000000000000001111110000000000000000,1,0,0,7
385,0,TypeA,51300,000000001111111110000000000000001111111110000000000000111111111100000000000000000000000000000000000000011111111110000000000000000000000000000000000000000000011111111110,1,0,0,17
386,1,TypeB,40400,000000001111111000000000000000000011111110000000000000000111111110000000000000111111110000000000000000000000000000000000000000000000111111110000000000000000000000000000,1,0,0,0
387,2,TypeB,40400,000000001111111000000000000000000011111110000000000000000111111110000000000000111111110000000000000000000000000000000000000000000000111111110000000000000000000000000000,1,0,0,0
388,3,TypeC,30900,000000001111110000000000000000000001111110000000000000000000000000000000000000111110000000000000000000000000000000000011110000000000000000000000001111110000000000000000,1,0,0,0
389,4,TypeC,30900,000000001111110000000000000000000001111110000000000000000000000000000000000000111110000000000000000000000000000000000011110000000000000000000000001111110000000000000000,1,0,0,3
390,0,TypeA,55000,000000000000011111111100000000000000000000000000000000111111111100000000000000000000011111111110000000000000000011111111110000000000000000000000000000000000111111111100,1,0,0,0
391,1,TypeB,40400,000000000000011111110000000000000011111110000000000000000111111110000000000000111111110000000000000000000000000000000000000000000000111111110000000000000000000000000000,1,0,0,7
392,2,TypeB,40400,000000000000011111110000000000000011111110000000000000000111111110000000000000111111110000000000000000000000000000000000000000000000111111110000000000000000000000000000,1,0,0,5
393,3,TypeC,29700,000000001111110000000000000000000000000000000000000000000000000000000000000000111110000000000000000001111110000000000011110000000000000000000000001111110000000000000000,1,0,0,9
394,4,TypeC,29700,000000001111110000000000000000000000000000000000000000000000000000000000000000111110000000000000000001111110000000000011110000000000000000000000001111110000000000000000,1,0,0,7
395,0,TypeA,54700,000000000000000000011111111100000000000000000000000000111111111100000000000000000000000000000000000000011111111110000000000000000011111111110000000000000000011111111110,1,0,0,0
396,1,TypeB,39100,000000000000000000000111111100000000000000000000000000000111111100000000000000111111110000000000000001111111100000000000000000000000000000000000000000011111110000000000,1,0,0,2
397,2,TypeB,39100,000000000000000000000111111100000000000000000000000000000111111100000000000000111111110000000000000001111111100000000000000000000000000000000000000000011111110000000000,1,0,0,4
398,3,TypeC,29000,000111111000000000000000111100000000000000000000000000000000000000000000000000000000011110000000000000000001111110000000000000000000000000000000001111110000000000000000,1,0,0,9
399,4,TypeC,29000,000111111000000000000000111100000000000000000000000000000000000000000000000000000000011110000000000000000001111110000000000000000000000000000000001111110000000000000000,1,0,0,7
400,0,TypeA,52100,000000000000011111111100000000000000000000000000000000000000000111111111000000000000000000000000000000011111111110000000000000111111111000000000000000000000011111111110,0,0,0,0
401,1,TypeB,40200,000000000000000000000111111100000000000000000000000000000111111100000000000000111111110000000000000000000000000000000000000000111111100000000000000000011111110000000000,1,0,0,0
402,2,TypeB,40200,000000000000000000000111111100000000000000000000000000000111111100000000000000111111110000000000000000000000000000000000000000111111100000000000000000011111110000000000,1,0,0,0
403,3,TypeC,28000,000000000001111110000000000000000000000000000000000000000000000000011111000000000000011110000000000000000000000000000011110000000000000000000000001111110000000000000000,1,0,0,6
404,4,TypeC,28000,000000000001111110000000000000000000000000000000000000000000000000011111000000000000011110000000000000000000000000000011110000000000000000000000001111110000000000000000,1,0,0,8
405,0,TypeA,51000,000000000000011111111100000000000000000000000000000000000111111111000000000000000000000000000000000000011111111110000000000000000011111111110000000000000000011111111110,1,0,0,4
406,1,TypeB,42500,000000000000000000000111111100000000000000000000000000000111111110000000000000111111110000000000000000000000000000000000000000000011111110000000001111111100000000000000,1,0,0,0
407,2,TypeB,42500,000000000000000000000111111100000000000000000000000000000111111110000000000000111111110000000000000000000000000000000000000000000011111110000000001111111100000000000000,1,0,0,0
408,3,TypeC,30300,000111111000000000000000000000000000000000000000000000111110000000000000000000111110000000000000000000000000111110000000000001111110000000000000000000000000000000000000,1,0,0,0
409,4,TypeC,30300,000111111000000000000000000000000000000000000000000000111110000000000000000000111110000000000000000000000000111110000000000001111110000000000000000000000000000000000000,1,0,0,0
410,0,TypeA,50600,000000000000011111111100000000000000000000000000000000000111111111000000000000111111111000000000000000011111111110000000000000000000000000000000000000000000011111111110,1,0,0,7
411,1,TypeB,38800,000000000000011111110000000000001111111000000000000000000111111110000000000000000011111110000000000000000000000000000011111111000000000000000000000000000000000000000000,1,0,0,0
412,2,TypeB,38800,000000000000011111110000000000001111111000000000000000000111111110000000000000000011111110000000000000000000000000000011111111000000000000000000000000000000000000000000,1,0,0,0
413,3,TypeC,31600,000111111000000000000000000000000000000000000000000000111110000000000000000000111110000000000000000000000001111110000000000001111110000000000000000000000000000000000000,1,0,0,0
414,4,TypeC,31600,000111111000000000000000000000000000000000000000000000111110000000000000000000111110000000000000000000000001111110000000000001111110000000000000000000000000000000000000,1,0,0,0
415,0,TypeA,51900,000000000000011111111100000000000000000000000000000000111111111100000000000000001111111110000000000000011111111110000000000001111111111000000000000000000000000000000000,0,0,0,0
416,1,TypeB,39800,000000000000011111110000000000001111111000000000000000000111111110000000000000111111110000000000000000000000000000000011111111000000000000000000000000000000000000000000,1,0,0,0
417,2,TypeB,39800,000000000000011111110000000000001111111000000000000000000111111110000000000000111111110000000000000000000000000000000011111111000000000000000000000000000000000000000000,1,0,0,0
418,3,TypeC,27700,000111111000000000000000000000000000000000000000000000111110000000000000000000111110000000000000000000000000000000000011110000000000000000000000000000000111110000000000,1,0,0,5
419,4,TypeC,27700,000111111000000000000000000000000000000000000000000000111110000000000000000000111110000000000000000000000000000000000011110000000000000000000000000000000111110000000000,1,0,0,6
420,0,TypeA,50000,000000000000000000000000000000001111111110000000000000000111111111000000000000111111111000000000000000011111111110000000000000000000000000000000000000000000011111111110,1,0,0,9
421,1,TypeB,39100,000000000000011111110000000000001111111000000000000000111111110000000001111111100000000000000000000000000000000000000000000000000011111110000000000000000000000000000000,1,0,0,0
422,2,TypeB,39100,000000000000011111110000000000001111111000000000000000111111110000000001111111100000000000000000000000000000000000000000000000000011111110000000000000000000000000000000,1,0,0,0
423,3,TypeC,34300,000000001111110000000000000000000000000000000000000000000111110000000000000000000000000000000000000000011111100000000000000001111110000000000000000000000111110000000000,1,0,0,4
424,4,TypeC,34300,000000001111110000000000000000000000000000000000000000000111110000000000000000000000000000000000000000011111100000000000000001111110000000000000000000000111110000000000,1,0,0,4
425,0,TypeA,51900,000000000000000000000000000000001111111110000000000000111111111100000000000000111111111000000000000000011111111110000000000001111111111000000000000000000000000000000000,0,0,0,0
426,1,TypeB,41500,000000000000000000000111111100000000000000000000000000000111111110000000000000000011111110000000000000000000000000000000000001111111100000000000000000011111110000000000,1,0,0,0
427,2,TypeB,41500,000000000000000000000111111100000000000000000000000000000111111110000000000000000011111110000000000000000000000000000000000001111111100000000000000000011111110000000000,1,0,0,0
428,3,TypeC,32100,000111111000000000000000000000000000000000000000000000000000000000000000000000000000011110000000000000000001111110000000000001111110000000000000000000000111110000000000,1,0,0,5
429,4,TypeC,32100,000111111000000000000000000000000000000000000000000000000000000000000000000000000000011110000000000000000001111110000000000001111110000000000000000000000111110000000000,1,0,0,4
430,1,TypeB,41900,000000000000000000000111111100000000000000000000000000111111110000000001111111100000000000000000000000000000000000000011111111000000000000000000000000011111110000000000,1,0,0,0
431,2,TypeB,41900,000000000000000000000111111100000000000000000000000000111111110000000001111111100000000000000000000000000000000000000011111111000000000000000000000000011111110000000000,1,0,0,0
432,3,TypeC,31800,000000001111110000000000000000000000001111110000000000000000000000011111000000000000011110000000000000011111100000000000000000000000000000000000000000000000000000000000,1,0,0,0
433,4,TypeC,31800,000000001111110000000000000000000000001111110000000000000000000000011111000000000000011110000000000000011111100000000000000000000000000000000000000000000000000000000000,1,0,0,0
434,0,TypeA,49700,000000000000011111111100000000000000000000000000000000000111111111000000000000000000000000000000000000011111111110000000000000000011111111100000000000000000011111111110,1,0,0,0
435,1,TypeB,41900,000000000000000000000111111100000000000000000000000000000111111110000000000000111111110000000000000000000000000000000011111111000000000000000000000000011111110000000000,1,0,0,0
436,2,TypeB,41900,000000000000000000000111111100000000000000000000000000000111111110000000000000111111110000000000000000000000000000000011111111000000000000000000000000011111110000000000,1,0,0,0
437,3,TypeC,31100,000000001111110000000000000000000000001111110000000000000000000000000000000000111110000000000000000000011111100000000000000000000000000000000000000000000000111000000000,1,0,0,0
438,4,TypeC,31100,000000001111110000000000000000000000001111110000000000000000000000000000000000111110000000000000000000011111100000000000000000000000000000000000000000000000111000000000,1,0,0,0
439,0,TypeA,50600,000000000000000000000000000000001111111110000000000000000000011111111100000000000000000000000000000000011111111110000000000000001111111110000000000011111111110000000000,0,0,0,0
440,1,TypeB,41200,000000000000000000000111111100000000000000000000000000000111111110000000000000111111110000000000000000000000000000000000000000000011111110000000000000011111110000000000,1,0,0,6
441,2,TypeB,41200,000000000000000000000111111100000000000000000000000000000111111110000000000000111111110000000000000000000000000000000000000000000011111110000000000000011111110000000000,1,1,1,1
442,3,TypeC,33700,000000001111110000000000000000000000001111110000000000000000000000000000000000111110000000000000000000011111100000000000000000000000000000000000000000000111110000000000,1,0,0,2
443,4,TypeC,33700,000000001111110000000000000000000000001111110000000000000000000000000000000000111110000000000000000000011111100000000000000000000000000000000000000000000111110000000000,1,0,0,3
444,0,TypeA,55300,000000000000011111111100000000000000000000000000000000111111111100000000000000000000011111111110000000000000000011111111110000000000000000000000000000000000011111111110,1,0,0,5
445,1,TypeB,39100,000000111111110000000000000111111110000000000000111111100000000001111111000000000000000000000000000000000000000000000000000000001111111000000000000000000000000000000000,1,0,0,0
446,2,TypeB,39100,000000111111110000000000000111111110000000000000111111100000000001111111000000000000000000000000000000000000000000000000000000001111111000000000000000000000000000000000,1,0,0,0
447,3,TypeC,32800,000111111000000000000000000000000000001111110000000000000000000000000000000000000000011110000000000000000000000000000000000000000000001111110000000000000111111000000000,1,0,0,3
448,4,TypeC,32800,000111111000000000000000000000000000001111110000000000000000000000000000000000000000011110000000000000000000000000000000000000000000001111110000000000000111111000000000,1,0,0,3
449,0,TypeA,51300,000000000000000000000000000000001111111110000000000000111111111100000000000000000000000000000000000000011111111110000000000000001111111110000000000000000000011111111110,1,0,0,0
450,1,TypeB,39400,000000111111110000000000000000000000000000000000111111100000000001111111000000000000000000000000000000000000000011111110000000000000000000000000000000000000011111111000,1,0,0,0
451,2,TypeB,39400,000000111111110000000000000000000000000000000000111111100000000001111111000000000000000000000000000000000000000011111110000000000000000000000000000000000000011111111000,1,0,0,0
452,3,TypeC,31500,000111111000000000000000000000000000000000000000000000000111110000000000000000000000011110000000000000000001111110000000000000000000000000000000001111110000000000000000,1,0,0,3
453,4,TypeC,31500,000111111000000000000000000000000000000000000000000000000111110000000000000000000000011110000000000000000001111110000000000000000000000000000000001111110000000000000000,1,0,0,1
454,0,TypeA,57400,000000000000000000000000000000000000000011111111110000000000000111111111000000000000011111111110000000000000000011111111110000000000000000000000000011111111110000000000,0,0,0,0
455,1,TypeB,40400,000000111111110000000000000111111110000000000000111111100000000001111111000000000000000000000000000000000000000000000000000000000000000000000000000000011111111000000000,1,0,0,0
456,2,TypeB,40400,000000111111110000000000000111111110000000000000111111100000000001111111000000000000000000000000000000000000000000000000000000000000000000000000000000011111111000000000,1,0,0,0
457,3,TypeC,27700,000000000001111110000000000000000000000000011111100000000000000000000000000000111110000000000000000000000000000000000011110000000000000011110000000000000000000000000000,1,0,0,0
458,4,TypeC,27700,000000000001111110000000000000000000000000011111100000000000000000000000000000111110000000000000000000000000000000000011110000000000000011110000000000000000000000000000,1,0,0,0
459,0,TypeA,57800,000000011111111110000000000000000000000000000000111111111100000000000000000000000000011111111110000000000000000011111111110000000000000000000000000000000000011111111110,1,0,0,0
460,1,TypeB,42500,000000000000011111110000000000000000000000000000000000111111110000000001111111100000000000000000000000000000000000000000000000000011111110000000000000011111111000000000,1,0,0,0
461,2,TypeB,42500,000000000000011111110000000000000000000000000000000000111111110000000001111111100000000000000000000000000000000000000000000000000011111110000000000000011111111000000000,1,0,0,0
462,3,TypeC,28900,000000000001111110000000000000000000001111110000000000000000000000000000000000000000000000000000000000011111000000000011110000000000000011110000000000000000000000000000,1,0,0,0
463,4,TypeC,28900,000000000001111110000000000000000000001111110000000000000000000000000000000000000000000000000000000000011111000000000011110000000000000011110000000000000000000000000000,1,0,0,0
464,0,TypeA,53700,000000000000000000000000000000000000000011111111110000000000011111111100000000000000000000000000000000011111111110000000000000111111111000000000000000000000011111111110,0,0,0,0
465,1,TypeB,37100,000000001111111000000000000000000000000000000000111111100000000001111111000000000000000000000000000000000000000011111110000000000011111110000000000000000000000000000000,1,0,0,0
466,2,TypeB,37100,000000001111111000000000000000000000000000000000111111100000000001111111000000000000000000000000000000000000000011111110000000000011111110000000000000000000000000000000,1,0,0,0
467,3,TypeC,29400,000000000001111110000000000000000001111110000000000000000000000000000000000000111000000000000000000000000000000000000000000000000000001111110000000000000000111000000000,1,0,0,0
468,4,TypeC,29400,000000000001111110000000000000000001111110000000000000000000000000000000000000111000000000000000000000000000000000000000000000000000001111110000000000000000111000000000,1,0,0,0
469,0,TypeA,52800,000000000000000000000000000000001111111110000000000000000111111111000000000000000000011111111110000000000000000011111111110000000000000000000000000000000000011111111110,1,0,0,0
470,1,TypeB,37100,000000000000011111110000000000001111111000000000111111100000000001111111000000000000000000000000000000000000000000000000000000000011111110000000000000000000000000000000,1,0,0,0
471,2,TypeB,37100,000000000000011111110000000000001111111000000000111111100000000001111111000000000000000000000000000000000000000000000000000000000011111110000000000000000000000000000000,1,0,0,0
